expense_id,category,amount,description,payment_method,expense_date,recorded_by
exp-101,Rent,2091.75,Main Store & Warehouse Lease - April 2026,BANK_TRANSFER,2026-04-05,Eleanor Vance (Admin)
exp-102,Salaries & Payroll,4112.08,Staff Salaries and Wages - April 2026,BANK_TRANSFER,2026-04-01,Eleanor Vance (Admin)
exp-103,Utilities,453.16,"Electricity, Water, HVAC - April 2026",BANK_TRANSFER,2026-04-02,Eleanor Vance (Admin)
exp-104,Internet & Telecom,116.68,Fiber Broadband & Phone Lines - April 2026,BANK_TRANSFER,2026-04-01,Eleanor Vance (Admin)
exp-105,Marketing & Ads,483.67,Local Search & Social Media Promotions - Period 1,CARD,2026-04-05,Marcus Brody (Ops Manager)
exp-106,Marketing & Ads,465.22,Local Search & Social Media Promotions - Period 2,CARD,2026-04-20,Marcus Brody (Ops Manager)
exp-107,Logistics & Freight,171.84,Inbound Supplier Shipping & Handling - Week 1,BANK_TRANSFER,2026-04-03,Marcus Brody (Ops Manager)
exp-108,Logistics & Freight,178.3,Inbound Supplier Shipping & Handling - Week 2,BANK_TRANSFER,2026-04-10,Marcus Brody (Ops Manager)
exp-109,Logistics & Freight,181.9,Inbound Supplier Shipping & Handling - Week 3,BANK_TRANSFER,2026-04-17,Marcus Brody (Ops Manager)
exp-110,Logistics & Freight,197.19,Inbound Supplier Shipping & Handling - Week 4,BANK_TRANSFER,2026-04-24,Marcus Brody (Ops Manager)
exp-111,Store Maintenance,172.54,Facility Repairs & Cleaning Supplies - April 2026,BANK_TRANSFER,2026-04-01,Eleanor Vance (Admin)
exp-112,Software & Subscriptions,156.26,"ERP, Cloud Hosting, Accounting SaaS - April 2026",BANK_TRANSFER,2026-04-01,Eleanor Vance (Admin)
exp-113,Rent,2259.01,Main Store & Warehouse Lease - May 2026,BANK_TRANSFER,2026-05-04,Eleanor Vance (Admin)
exp-114,Salaries & Payroll,4158.64,Staff Salaries and Wages - May 2026,BANK_TRANSFER,2026-05-02,Eleanor Vance (Admin)
exp-115,Utilities,441.78,"Electricity, Water, HVAC - May 2026",BANK_TRANSFER,2026-05-01,Eleanor Vance (Admin)
exp-116,Internet & Telecom,119.84,Fiber Broadband & Phone Lines - May 2026,BANK_TRANSFER,2026-05-05,Eleanor Vance (Admin)
exp-117,Marketing & Ads,468.21,Local Search & Social Media Promotions - Period 1,CARD,2026-05-05,Marcus Brody (Ops Manager)
exp-118,Marketing & Ads,447.86,Local Search & Social Media Promotions - Period 2,CARD,2026-05-20,Marcus Brody (Ops Manager)
exp-119,Logistics & Freight,168.03,Inbound Supplier Shipping & Handling - Week 1,BANK_TRANSFER,2026-05-03,Marcus Brody (Ops Manager)
exp-120,Logistics & Freight,155.07,Inbound Supplier Shipping & Handling - Week 2,BANK_TRANSFER,2026-05-10,Marcus Brody (Ops Manager)
exp-121,Logistics & Freight,161.41,Inbound Supplier Shipping & Handling - Week 3,BANK_TRANSFER,2026-05-17,Marcus Brody (Ops Manager)
exp-122,Logistics & Freight,178.38,Inbound Supplier Shipping & Handling - Week 4,BANK_TRANSFER,2026-05-24,Marcus Brody (Ops Manager)
exp-123,Store Maintenance,176.76,Facility Repairs & Cleaning Supplies - May 2026,BANK_TRANSFER,2026-05-02,Eleanor Vance (Admin)
exp-124,Software & Subscriptions,157.32,"ERP, Cloud Hosting, Accounting SaaS - May 2026",BANK_TRANSFER,2026-05-01,Eleanor Vance (Admin)
exp-125,Rent,2103.73,Main Store & Warehouse Lease - June 2026,BANK_TRANSFER,2026-06-04,Eleanor Vance (Admin)
exp-126,Salaries & Payroll,4321.61,Staff Salaries and Wages - June 2026,BANK_TRANSFER,2026-06-03,Eleanor Vance (Admin)
exp-127,Utilities,437.1,"Electricity, Water, HVAC - June 2026",BANK_TRANSFER,2026-06-04,Eleanor Vance (Admin)
exp-128,Internet & Telecom,124.42,Fiber Broadband & Phone Lines - June 2026,BANK_TRANSFER,2026-06-02,Eleanor Vance (Admin)
exp-129,Marketing & Ads,490.74,Local Search & Social Media Promotions - Period 1,CARD,2026-06-05,Marcus Brody (Ops Manager)
exp-130,Marketing & Ads,466.53,Local Search & Social Media Promotions - Period 2,CARD,2026-06-20,Marcus Brody (Ops Manager)
exp-131,Logistics & Freight,167.57,Inbound Supplier Shipping & Handling - Week 1,BANK_TRANSFER,2026-06-03,Marcus Brody (Ops Manager)
exp-132,Logistics & Freight,187.33,Inbound Supplier Shipping & Handling - Week 2,BANK_TRANSFER,2026-06-10,Marcus Brody (Ops Manager)
exp-133,Logistics & Freight,157.51,Inbound Supplier Shipping & Handling - Week 3,BANK_TRANSFER,2026-06-17,Marcus Brody (Ops Manager)
exp-134,Logistics & Freight,156.74,Inbound Supplier Shipping & Handling - Week 4,BANK_TRANSFER,2026-06-24,Marcus Brody (Ops Manager)
exp-135,Store Maintenance,172.47,Facility Repairs & Cleaning Supplies - June 2026,BANK_TRANSFER,2026-06-04,Eleanor Vance (Admin)
exp-136,Software & Subscriptions,155.57,"ERP, Cloud Hosting, Accounting SaaS - June 2026",BANK_TRANSFER,2026-06-04,Eleanor Vance (Admin)
exp-137,Rent,2137.1,Main Store & Warehouse Lease - July 2026,BANK_TRANSFER,2026-07-05,Eleanor Vance (Admin)
exp-138,Salaries & Payroll,4067.31,Staff Salaries and Wages - July 2026,BANK_TRANSFER,2026-07-03,Eleanor Vance (Admin)
exp-139,Utilities,431.66,"Electricity, Water, HVAC - July 2026",BANK_TRANSFER,2026-07-01,Eleanor Vance (Admin)
exp-140,Internet & Telecom,118.1,Fiber Broadband & Phone Lines - July 2026,BANK_TRANSFER,2026-07-04,Eleanor Vance (Admin)
exp-141,Marketing & Ads,472.79,Local Search & Social Media Promotions - Period 1,CARD,2026-07-05,Marcus Brody (Ops Manager)
exp-142,Marketing & Ads,419.81,Local Search & Social Media Promotions - Period 2,CARD,2026-07-20,Marcus Brody (Ops Manager)
exp-143,Logistics & Freight,171.86,Inbound Supplier Shipping & Handling - Week 1,BANK_TRANSFER,2026-07-03,Marcus Brody (Ops Manager)
exp-144,Logistics & Freight,175.63,Inbound Supplier Shipping & Handling - Week 2,BANK_TRANSFER,2026-07-10,Marcus Brody (Ops Manager)
exp-145,Logistics & Freight,178.68,Inbound Supplier Shipping & Handling - Week 3,BANK_TRANSFER,2026-07-17,Marcus Brody (Ops Manager)
exp-146,Logistics & Freight,190.2,Inbound Supplier Shipping & Handling - Week 4,BANK_TRANSFER,2026-07-24,Marcus Brody (Ops Manager)
exp-147,Store Maintenance,188.38,Facility Repairs & Cleaning Supplies - July 2026,BANK_TRANSFER,2026-07-02,Eleanor Vance (Admin)
exp-148,Software & Subscriptions,147.82,"ERP, Cloud Hosting, Accounting SaaS - July 2026",BANK_TRANSFER,2026-07-04,Eleanor Vance (Admin)
exp-149,Rent,2175.61,Main Store & Warehouse Lease - August 2026,BANK_TRANSFER,2026-08-05,Eleanor Vance (Admin)
exp-150,Salaries & Payroll,4225.58,Staff Salaries and Wages - August 2026,BANK_TRANSFER,2026-08-01,Eleanor Vance (Admin)
exp-151,Utilities,436.44,"Electricity, Water, HVAC - August 2026",BANK_TRANSFER,2026-08-05,Eleanor Vance (Admin)
exp-152,Internet & Telecom,121.4,Fiber Broadband & Phone Lines - August 2026,BANK_TRANSFER,2026-08-05,Eleanor Vance (Admin)
exp-153,Marketing & Ads,434.14,Local Search & Social Media Promotions - Period 1,CARD,2026-08-05,Marcus Brody (Ops Manager)
exp-154,Marketing & Ads,493.77,Local Search & Social Media Promotions - Period 2,CARD,2026-08-20,Marcus Brody (Ops Manager)
exp-155,Logistics & Freight,203.7,Inbound Supplier Shipping & Handling - Week 1,BANK_TRANSFER,2026-08-03,Marcus Brody (Ops Manager)
exp-156,Logistics & Freight,193.11,Inbound Supplier Shipping & Handling - Week 2,BANK_TRANSFER,2026-08-10,Marcus Brody (Ops Manager)
exp-157,Logistics & Freight,192.78,Inbound Supplier Shipping & Handling - Week 3,BANK_TRANSFER,2026-08-17,Marcus Brody (Ops Manager)
exp-158,Logistics & Freight,170.09,Inbound Supplier Shipping & Handling - Week 4,BANK_TRANSFER,2026-08-24,Marcus Brody (Ops Manager)
exp-159,Store Maintenance,187.14,Facility Repairs & Cleaning Supplies - August 2026,BANK_TRANSFER,2026-08-02,Eleanor Vance (Admin)
exp-160,Software & Subscriptions,149.99,"ERP, Cloud Hosting, Accounting SaaS - August 2026",BANK_TRANSFER,2026-08-02,Eleanor Vance (Admin)
exp-161,Rent,2114.99,Main Store & Warehouse Lease - September 2026,BANK_TRANSFER,2026-09-03,Eleanor Vance (Admin)
exp-162,Salaries & Payroll,4100.38,Staff Salaries and Wages - September 2026,BANK_TRANSFER,2026-09-04,Eleanor Vance (Admin)
exp-163,Utilities,471.97,"Electricity, Water, HVAC - September 2026",BANK_TRANSFER,2026-09-01,Eleanor Vance (Admin)
exp-164,Internet & Telecom,121.61,Fiber Broadband & Phone Lines - September 2026,BANK_TRANSFER,2026-09-02,Eleanor Vance (Admin)
exp-165,Marketing & Ads,462.5,Local Search & Social Media Promotions - Period 1,CARD,2026-09-05,Marcus Brody (Ops Manager)
exp-166,Marketing & Ads,457.05,Local Search & Social Media Promotions - Period 2,CARD,2026-09-20,Marcus Brody (Ops Manager)
exp-167,Logistics & Freight,154.97,Inbound Supplier Shipping & Handling - Week 1,BANK_TRANSFER,2026-09-03,Marcus Brody (Ops Manager)
exp-168,Logistics & Freight,193.27,Inbound Supplier Shipping & Handling - Week 2,BANK_TRANSFER,2026-09-10,Marcus Brody (Ops Manager)
exp-169,Logistics & Freight,163.13,Inbound Supplier Shipping & Handling - Week 3,BANK_TRANSFER,2026-09-17,Marcus Brody (Ops Manager)
exp-170,Logistics & Freight,190.61,Inbound Supplier Shipping & Handling - Week 4,BANK_TRANSFER,2026-09-24,Marcus Brody (Ops Manager)
exp-171,Store Maintenance,181.82,Facility Repairs & Cleaning Supplies - September 2026,BANK_TRANSFER,2026-09-02,Eleanor Vance (Admin)
exp-172,Software & Subscriptions,147.72,"ERP, Cloud Hosting, Accounting SaaS - September 2026",BANK_TRANSFER,2026-09-02,Eleanor Vance (Admin)
exp-173,Rent,2303.78,Main Store & Warehouse Lease - October 2026,BANK_TRANSFER,2026-10-02,Eleanor Vance (Admin)
exp-174,Salaries & Payroll,4391.14,Staff Salaries and Wages - October 2026,BANK_TRANSFER,2026-10-05,Eleanor Vance (Admin)
exp-175,Utilities,464.12,"Electricity, Water, HVAC - October 2026",BANK_TRANSFER,2026-10-03,Eleanor Vance (Admin)
exp-176,Internet & Telecom,117.62,Fiber Broadband & Phone Lines - October 2026,BANK_TRANSFER,2026-10-01,Eleanor Vance (Admin)
exp-177,Marketing & Ads,432.63,Local Search & Social Media Promotions - Period 1,CARD,2026-10-05,Marcus Brody (Ops Manager)
exp-178,Marketing & Ads,478.71,Local Search & Social Media Promotions - Period 2,CARD,2026-10-20,Marcus Brody (Ops Manager)
exp-179,Logistics & Freight,159.74,Inbound Supplier Shipping & Handling - Week 1,BANK_TRANSFER,2026-10-03,Marcus Brody (Ops Manager)
exp-180,Logistics & Freight,179.95,Inbound Supplier Shipping & Handling - Week 2,BANK_TRANSFER,2026-10-10,Marcus Brody (Ops Manager)
exp-181,Logistics & Freight,206.95,Inbound Supplier Shipping & Handling - Week 3,BANK_TRANSFER,2026-10-17,Marcus Brody (Ops Manager)
exp-182,Logistics & Freight,175.36,Inbound Supplier Shipping & Handling - Week 4,BANK_TRANSFER,2026-10-24,Marcus Brody (Ops Manager)
exp-183,Store Maintenance,177.34,Facility Repairs & Cleaning Supplies - October 2026,BANK_TRANSFER,2026-10-03,Eleanor Vance (Admin)
exp-184,Software & Subscriptions,148.89,"ERP, Cloud Hosting, Accounting SaaS - October 2026",BANK_TRANSFER,2026-10-05,Eleanor Vance (Admin)
